burnup,power,cooling,enrichment
0.101318359375,0.0761922496577084,4477.5390625,1.09509814453125
0.5513183593750001,0.1370035229620681,9477.5390625,1.48959814453125
0.776318359375,0.0457866130055286,1977.5390625,0.89784814453125
0.326318359375,0.1065978863098882,6977.5390625,1.29234814453125
0.438818359375,0.0305837946794386,8227.5390625,1.19372314453125
0.888818359375,0.0913950679837983,3227.5390625,0.79922314453125
0.663818359375,0.0609894313316185,5727.5390625,1.39097314453125
0.213818359375,0.1218007046359781,727.5390625,0.99647314453125
0.270068359375,0.0533880221685735,5102.5390625,0.74991064453125
0.720068359375,0.1141992954729332,102.5390625,1.14441064453125
0.945068359375,0.0837936588207534,7602.5390625,0.94716064453125
0.495068359375,0.144604932125113,2602.5390625,1.34166064453125
0.382568359375,0.0685908404946634,1352.5390625,1.44028564453125
0.832568359375,0.1294021137990231,6352.5390625,1.04578564453125
0.607568359375,0.0381852038424836,3852.5390625,1.24303564453125
0.157568359375,0.0989964771468433,8852.5390625,0.84853564453125
0.185693359375,0.0419859084240061,415.0390625,1.36631689453125
0.635693359375,0.1027971817283658,5415.0390625,0.97181689453125
0.860693359375,0.0723915450761859,2915.0390625,1.16906689453125
0.410693359375,0.1332028183805456,7915.0390625,0.7745668945312499
0.523193359375,0.0875943634022758,6665.0390625,0.87319189453125
0.973193359375,0.1484056367066355,1665.0390625,1.26769189453125
0.748193359375,0.057188726750096,9165.0390625,1.07044189453125
0.298193359375,0.1180000000544557,4165.0390625,1.46494189453125
0.241943359375,0.064790135913141,9790.0390625,1.21837939453125
0.691943359375,0.1256014092175006,4790.0390625,0.8238793945312499
0.916943359375,0.0343844992609611,7290.0390625,1.41562939453125
0.466943359375,0.0951957725653208,2290.0390625,1.02112939453125
0.354443359375,0.049587317587051,3540.0390625,0.92250439453125
0.804443359375,0.1103985908914107,8540.0390625,1.31700439453125
0.579443359375,0.0799929542392309,1040.0390625,0.72525439453125
0.129443359375,0.1408042275435906,6040.0390625,1.11975439453125
0.143505859375,0.0476869652962898,7758.7890625,1.45261376953125
0.593505859375,0.1084982386006495,2758.7890625,1.05811376953125
0.818505859375,0.0780926019484696,5258.7890625,1.2553637695312498
0.368505859375,0.1389038752528293,258.7890625,0.86086376953125
0.481005859375,0.0628897836223797,4008.7890625,0.7622387695312499
0.931005859375,0.1237010569267394,9008.7890625,1.15673876953125
0.706005859375,0.0324841469701999,1508.7890625,0.95948876953125
0.256005859375,0.0932954202745596,6508.7890625,1.35398876953125
0.312255859375,0.0856940111115146,2133.7890625,1.10742626953125
0.762255859375,0.1465052844158743,7133.7890625,0.7129262695312499
0.987255859375,0.0552883744593348,4633.7890625,1.30467626953125
0.537255859375,0.1160996477636944,9633.7890625,0.91017626953125
0.424755859375,0.0400855561332448,5883.7890625,1.00880126953125
0.874755859375,0.1008968294376045,883.7890625,1.40330126953125
0.649755859375,0.0704911927854247,8383.7890625,0.81155126953125
0.199755859375,0.1313024660897843,3383.7890625,1.20605126953125
0.171630859375,0.0742918973669472,7446.2890625,0.98414501953125
0.621630859375,0.1351031706713068,2446.2890625,1.37864501953125
0.846630859375,0.0438862607147673,9946.2890625,0.78689501953125
0.396630859375,0.104697534019127,4946.2890625,1.18139501953125
0.509130859375,0.0590890790408572,1196.2890625,1.28002001953125
0.959130859375,0.1199003523452169,6196.2890625,0.88552001953125
0.734130859375,0.0894947156930371,3696.2890625,1.47727001953125
0.284130859375,0.1503059889973968,8696.2890625,1.08277001953125
0.227880859375,0.0362848515517224,3071.2890625,0.8362075195312499
0.677880859375,0.097096124856082,8071.2890625,1.23070751953125
0.902880859375,0.0666904882039022,571.2890625,1.03345751953125
0.452880859375,0.1275017615082619,5571.2890625,1.42795751953125
0.340380859375,0.0818933065299921,9321.2890625,1.32933251953125
0.790380859375,0.1427045798343518,4321.2890625,0.93483251953125
0.565380859375,0.0514876698778123,6821.2890625,1.13208251953125
0.115380859375,0.112298943182172,1821.2890625,0.73758251953125
0.122412109375,0.0334343231155805,6274.4140625,1.23687158203125
0.572412109375,0.0942455964199402,1274.4140625,0.84237158203125
0.797412109375,0.0638399597677604,8774.4140625,1.43412158203125
0.347412109375,0.12465123307212,3774.4140625,1.03962158203125
0.459912109375,0.0790427780938503,24.4140625,0.94099658203125
0.909912109375,0.13985405139821,5024.4140625,1.33549658203125
0.684912109375,0.0486371414416704,2524.4140625,0.74374658203125
0.234912109375,0.1094484147460301,7524.4140625,1.13824658203125
0.291162109375,0.0714413689308053,3149.4140625,1.38480908203125
0.741162109375,0.132252642235165,8149.4140625,0.99030908203125
0.966162109375,0.0410357322786255,649.4140625,1.18755908203125
0.5161621093750001,0.1018470055829851,5649.4140625,0.79305908203125
0.403662109375,0.0562385506047154,9399.4140625,0.8916840820312499
0.853662109375,0.1170498239090751,4399.4140625,1.28618408203125
0.628662109375,0.0866441872568952,6899.4140625,1.08893408203125
0.178662109375,0.1474554605612549,1899.4140625,1.4834340820312502
0.206787109375,0.0904448918384177,8461.9140625,0.71909033203125
0.656787109375,0.1512561651427774,3461.9140625,1.11359033203125
0.881787109375,0.0600392551862379,5961.9140625,0.91634033203125
0.431787109375,0.1208505284905975,961.9140625,1.3108403320312498
0.544287109375,0.044836436860148,4711.9140625,1.40946533203125
0.994287109375,0.1056477101645076,9711.9140625,1.01496533203125
0.769287109375,0.0752420735123278,2211.9140625,1.21221533203125
0.319287109375,0.1360533468166875,7211.9140625,0.81771533203125
0.263037109375,0.0524378460231929,1586.9140625,1.06427783203125
0.713037109375,0.1132491193275526,6586.9140625,1.45877783203125
0.938037109375,0.0828434826753728,4086.9140625,0.86702783203125
0.488037109375,0.1436547559797324,9086.9140625,1.26152783203125
0.375537109375,0.0676406643492828,5336.9140625,1.16290283203125
0.825537109375,0.1284519376536425,336.9140625,0.7684028320312499
0.600537109375,0.037235027697103,7836.9140625,1.36015283203125
0.150537109375,0.0980463010014627,2836.9140625,0.96565283203125
0.136474609375,0.0619396074769991,805.6640625,0.8300434570312499
0.5864746093750001,0.1227508807813588,5805.6640625,1.22454345703125
0.811474609375,0.0315339708248193,3305.6640625,1.02729345703125
0.361474609375,0.0923452441291789,8305.6640625,1.42179345703125
0.473974609375,0.0467367891509092,7055.6640625,1.32316845703125
0.923974609375,0.1075480624552689,2055.6640625,0.92866845703125
0.698974609375,0.077142425803089,9555.6640625,1.12591845703125
0.248974609375,0.1379536991074487,4555.6640625,0.73141845703125
0.305224609375,0.0391353799878642,8930.6640625,0.97798095703125
0.755224609375,0.0999466532922239,3930.6640625,1.37248095703125
0.980224609375,0.0695410166400441,6430.6640625,0.78073095703125
0.530224609375,0.1303522899444038,1430.6640625,1.17523095703125
0.417724609375,0.084743834966134,2680.6640625,1.27385595703125
0.867724609375,0.1455551082704937,7680.6640625,0.8793559570312499
0.642724609375,0.0543381983139542,180.6640625,1.47110595703125
0.192724609375,0.1151494716183138,5180.6640625,1.07660595703125
0.164599609375,0.0581389028954766,4243.1640625,1.15057470703125
0.614599609375,0.1189501761998363,9243.1640625,0.75607470703125
0.839599609375,0.0885445395476565,1743.1640625,1.34782470703125
0.389599609375,0.1493558128520161,6743.1640625,0.95332470703125
0.502099609375,0.0733417212215666,7993.1640625,1.05194970703125
0.952099609375,0.1341529945259262,2993.1640625,1.44644970703125
0.727099609375,0.0429360845693867,5493.1640625,0.85469970703125
0.277099609375,0.1037473578737464,493.1640625,1.24919970703125
0.220849609375,0.0809431303846115,6118.1640625,1.49576220703125
0.670849609375,0.1417544036889712,1118.1640625,1.10126220703125
0.895849609375,0.0505374937324317,8618.1640625,1.29851220703125
0.445849609375,0.1113487670367913,3618.1640625,0.90401220703125
0.333349609375,0.0353346754063417,2368.1640625,0.80538720703125
0.783349609375,0.0961459487107014,7368.1640625,1.19988720703125
0.558349609375,0.0657403120585216,4868.1640625,1.00263720703125
0.108349609375,0.1265515853628813,9868.1640625,1.39713720703125
0.111865234375,0.0557634625320251,2250.9765625,0.95024267578125
0.561865234375,0.1165747358363848,7250.9765625,1.34474267578125
0.786865234375,0.0861690991842049,4750.9765625,0.75299267578125
0.336865234375,0.1469803724885646,9750.9765625,1.14749267578125
0.449365234375,0.070966280858115,6000.9765625,1.24611767578125
0.899365234375,0.1317775541624747,1000.9765625,0.8516176757812499
0.674365234375,0.0405606442059352,8500.9765625,1.44336767578125
0.224365234375,0.1013719175102948,3500.9765625,1.04886767578125
0.280615234375,0.07856769002116,7875.9765625,0.90093017578125
0.730615234375,0.1393789633255196,2875.9765625,1.29543017578125
0.955615234375,0.0481620533689801,5375.9765625,1.09818017578125
0.505615234375,0.1089733266733398,375.9765625,1.49268017578125
0.393115234375,0.0329592350428902,4125.9765625,1.39405517578125
0.843115234375,0.0937705083472499,9125.9765625,0.99955517578125
0.618115234375,0.06336487169507,1625.9765625,1.19680517578125
0.168115234375,0.1241761449994297,6625.9765625,0.8023051757812499
0.196240234375,0.0671655762765925,2563.4765625,1.41871142578125
0.646240234375,0.1279768495809522,7563.4765625,1.02421142578125
0.871240234375,0.0367599396244127,63.4765625,1.22146142578125
0.421240234375,0.0975712129287724,5063.4765625,0.82696142578125
0.5337402343750001,0.0519627579505026,8813.4765625,0.72833642578125
0.983740234375,0.1127740312548623,3813.4765625,1.12283642578125
0.758740234375,0.0823683946026824,6313.4765625,0.92558642578125
0.308740234375,0.1431796679070421,1313.4765625,1.32008642578125
0.252490234375,0.0443613487874576,6938.4765625,1.17214892578125
0.702490234375,0.1051726220918173,1938.4765625,0.77764892578125
0.927490234375,0.0747669854396375,9438.4765625,1.36939892578125
0.477490234375,0.1355782587439972,4438.4765625,0.97489892578125
0.364990234375,0.0899698037657274,688.4765625,1.07352392578125
0.814990234375,0.1507810770700871,5688.4765625,1.46802392578125
0.589990234375,0.0595641671135475,3188.4765625,0.87627392578125
0.139990234375,0.1203754404179072,8188.4765625,1.27077392578125
0.154052734375,0.0842687468934437,5532.2265625,1.30775830078125
0.604052734375,0.1450800201978034,532.2265625,0.91325830078125
0.829052734375,0.0538631102412638,8032.2265625,1.11050830078125
0.379052734375,0.1146743835456235,3032.2265625,0.71600830078125
0.491552734375,0.0386602919151739,1782.2265625,0.81463330078125
0.941552734375,0.0994715652195336,6782.2265625,1.20913330078125
0.716552734375,0.0690659285673538,4282.2265625,1.01188330078125
0.266552734375,0.1298772018717134,9282.2265625,1.40638330078125
0.322802734375,0.0462617010782189,4907.2265625,1.25844580078125
0.772802734375,0.1070729743825785,9907.2265625,0.8639458007812499
0.997802734375,0.0766673377303987,2407.2265625,1.4556958007812502
0.547802734375,0.1374786110347584,7407.2265625,1.06119580078125
0.435302734375,0.0614645194043088,8657.2265625,0.96257080078125
0.885302734375,0.1222757927086685,3657.2265625,1.35707080078125
0.660302734375,0.031058882752129,6157.2265625,0.76532080078125
0.210302734375,0.0918701560564886,1157.2265625,1.15982080078125
0.182177734375,0.0348595873336514,9594.7265625,1.03653955078125
0.632177734375,0.0956708606380111,4594.7265625,1.43103955078125
0.857177734375,0.0652652239858313,7094.7265625,0.83928955078125
0.407177734375,0.1260764972901909,2094.7265625,1.23378955078125
0.519677734375,0.0804680423119212,3344.7265625,1.13516455078125
0.969677734375,0.1412793156162809,8344.7265625,0.7406645507812499
0.744677734375,0.0500624056597414,844.7265625,1.33241455078125
0.294677734375,0.110873678964101,5844.7265625,0.93791455078125
0.238427734375,0.0728666331488762,219.7265625,0.78997705078125
0.688427734375,0.1336779064532359,5219.7265625,1.18447705078125
0.913427734375,0.0424609964966964,2719.7265625,0.98722705078125
0.463427734375,0.1032722698010561,7719.7265625,1.38172705078125
0.350927734375,0.0576638148227863,6469.7265625,1.48035205078125
0.800927734375,0.118475088127146,1469.7265625,1.08585205078125
0.575927734375,0.0880694514749661,8969.7265625,1.2831020507812498
0.125927734375,0.1488807247793258,3969.7265625,0.88860205078125
0.118896484375,0.0700161047127344,9204.1015625,1.19064111328125
0.5688964843750001,0.1308273780170941,4204.1015625,0.7961411132812499
0.793896484375,0.0396104680605545,6704.1015625,1.38789111328125
0.343896484375,0.1004217413649142,1704.1015625,0.99339111328125
0.456396484375,0.0548132863866445,2954.1015625,1.09201611328125
0.906396484375,0.1156245596910041,7954.1015625,1.48651611328125
0.681396484375,0.0852189230388243,454.1015625,0.89476611328125
0.231396484375,0.1460301963431839,5454.1015625,1.28926611328125
0.287646484375,0.0320090588975096,1079.1015625,1.43720361328125
0.737646484375,0.0928203322018693,6079.1015625,1.04270361328125
0.962646484375,0.0624146955496894,3579.1015625,1.23995361328125
0.512646484375,0.1232259688540491,8579.1015625,0.84545361328125
0.400146484375,0.0776175138757793,7329.1015625,0.7468286132812499
0.850146484375,0.138428787180139,2329.1015625,1.14132861328125
0.625146484375,0.0472118772235995,9829.1015625,0.94407861328125
0.175146484375,0.1080231505279592,4829.1015625,1.3385786132812498
0.203271484375,0.051012581805122,5766.6015625,0.87010986328125
0.653271484375,0.1118238551094816,766.6015625,1.26460986328125
0.878271484375,0.0814182184573018,8266.6015625,1.06735986328125
0.428271484375,0.1422294917616615,3266.6015625,1.46185986328125
0.540771484375,0.0662154001312119,2016.6015625,1.36323486328125
0.990771484375,0.1270266734355716,7016.6015625,0.96873486328125
0.765771484375,0.0358097634790321,4516.6015625,1.16598486328125
0.315771484375,0.0966210367833917,9516.6015625,0.77148486328125
0.259521484375,0.0890196276203468,3891.6015625,0.91942236328125
0.709521484375,0.1498309009247065,8891.6015625,1.31392236328125
0.934521484375,0.0586139909681669,1391.6015625,0.72217236328125
0.484521484375,0.1194252642725266,6391.6015625,1.11667236328125
0.372021484375,0.043411172642077,7641.6015625,1.21529736328125
0.822021484375,0.1042224459464367,2641.6015625,0.82079736328125
0.597021484375,0.0738168092942569,5141.6015625,1.41254736328125
0.147021484375,0.1346280825986165,141.6015625,1.01804736328125
0.132958984375,0.0415108203513158,3735.3515625,0.78381298828125
0.582958984375,0.1023220936556754,8735.3515625,1.17831298828125
0.807958984375,0.0719164570034956,1235.3515625,0.98106298828125
0.357958984375,0.1327277303078553,6235.3515625,1.37556298828125
0.470458984375,0.0871192753295855,9985.3515625,1.47418798828125
0.920458984375,0.1479305486339452,4985.3515625,1.07968798828125
0.695458984375,0.0567136386774057,7485.3515625,1.27693798828125
0.245458984375,0.1175249119817654,2485.3515625,0.88243798828125
0.301708984375,0.0643150478404507,6860.3515625,1.03037548828125
0.751708984375,0.1251263211448103,1860.3515625,1.42487548828125
0.976708984375,0.0339094111882708,9360.3515625,0.83312548828125
0.526708984375,0.0947206844926305,4360.3515625,1.2276254882812498
0.414208984375,0.0491122295143607,610.3515625,1.12900048828125
0.864208984375,0.1099235028187204,5610.3515625,0.7345004882812499
0.639208984375,0.0795178661665406,3110.3515625,1.32625048828125
0.189208984375,0.1403291394709002,8110.3515625,0.93175048828125
0.161083984375,0.083318570748063,1547.8515625,1.30159423828125
0.611083984375,0.1441298440524227,6547.8515625,0.90709423828125
0.836083984375,0.0529129340958832,4047.8515625,1.49884423828125
0.386083984375,0.1137242074002429,9047.8515625,1.10434423828125
0.498583984375,0.0377101157697933,5297.8515625,1.00571923828125
0.948583984375,0.098521389074153,297.8515625,1.40021923828125
0.723583984375,0.0681157524219731,7797.8515625,0.80846923828125
0.273583984375,0.1289270257263328,2797.8515625,1.20296923828125
0.217333984375,0.0605143432589282,8422.8515625,1.35090673828125
0.667333984375,0.1213256165632879,3422.8515625,0.95640673828125
0.892333984375,0.090919979911108,5922.8515625,1.15365673828125
0.442333984375,0.1517312532154677,922.8515625,0.75915673828125
0.329833984375,0.0757171615850181,4672.8515625,0.85778173828125
0.779833984375,0.1365284348893778,9672.8515625,1.25228173828125
0.554833984375,0.0453115249328383,2172.8515625,1.05503173828125
0.104833984375,0.1061227982371979,7172.8515625,1.44953173828125
0.106591796875,0.0455490689691834,8715.8203125,0.88089697265625
0.556591796875,0.1063603422735431,3715.8203125,1.27539697265625
0.781591796875,0.0759547056213632,6215.8203125,1.07814697265625
0.331591796875,0.1367659789257229,1215.8203125,1.47264697265625
0.444091796875,0.0911575239474532,4965.8203125,1.37402197265625
0.894091796875,0.1519687972518128,9965.8203125,0.97952197265625
0.669091796875,0.0607518872952733,2465.8203125,1.17677197265625
0.219091796875,0.121563160599633,7465.8203125,0.7822719726562499
0.275341796875,0.0683532964583183,1840.8203125,0.93020947265625
0.725341796875,0.1291645697626779,6840.8203125,1.32470947265625
0.950341796875,0.0379476598061385,4340.8203125,0.7329594726562499
0.500341796875,0.0987589331104981,9340.8203125,1.12745947265625
0.387841796875,0.0531504781322284,5590.8203125,1.22608447265625
0.837841796875,0.1139617514365881,590.8203125,0.83158447265625
0.612841796875,0.0835561147844082,8090.8203125,1.42333447265625
0.162841796875,0.1443673880887679,3090.8203125,1.02883447265625
0.190966796875,0.0797554102028857,6528.3203125,1.20142822265625
0.640966796875,0.1405666835072454,1528.3203125,0.80692822265625
0.865966796875,0.0493497735507059,9028.3203125,1.39867822265625
0.415966796875,0.1101610468550656,4028.3203125,1.00417822265625
0.528466796875,0.034146955224616,278.3203125,1.10280322265625
0.978466796875,0.0949582285289756,5278.3203125,1.49730322265625
0.753466796875,0.0645525918767958,2778.3203125,0.90555322265625
0.303466796875,0.1253638651811555,7778.3203125,1.30005322265625
0.247216796875,0.0569511827137508,3403.3203125,1.4479907226562498
0.697216796875,0.1177624560181105,8403.3203125,1.05349072265625
0.922216796875,0.0873568193659307,903.3203125,1.25074072265625
0.472216796875,0.1481680926702903,5903.3203125,0.85624072265625
0.359716796875,0.0721540010398408,9653.3203125,0.75761572265625
0.809716796875,0.1329652743442004,4653.3203125,1.15211572265625
0.584716796875,0.0417483643876609,7153.3203125,0.95486572265625
0.134716796875,0.1025596376920206,2153.3203125,1.34936572265625
0.148779296875,0.074054353330602,4184.5703125,1.28772509765625
0.598779296875,0.1348656266349617,9184.5703125,0.8932250976562499
0.823779296875,0.0436487166784222,1684.5703125,1.48497509765625
0.373779296875,0.1044599899827818,6684.5703125,1.09047509765625
0.486279296875,0.0588515350045121,7934.5703125,0.99185009765625
0.936279296875,0.1196628083088718,2934.5703125,1.38635009765625
0.711279296875,0.0892571716566919,5434.5703125,0.79460009765625
0.261279296875,0.1500684449610516,434.5703125,1.18910009765625
0.317529296875,0.0360473075153772,6059.5703125,1.33703759765625
0.767529296875,0.0968585808197369,1059.5703125,0.94253759765625
0.992529296875,0.0664529441675571,8559.5703125,1.13978759765625
0.5425292968750001,0.1272642174719167,3559.5703125,0.74528759765625
0.430029296875,0.081655762493647,2309.5703125,0.8439125976562499
0.880029296875,0.1424670357980066,7309.5703125,1.23841259765625
0.655029296875,0.0512501258414671,4809.5703125,1.04116259765625
0.205029296875,0.1120613991458268,9809.5703125,1.43566259765625
0.176904296875,0.0474494212599447,747.0703125,0.76994384765625
0.626904296875,0.1082606945643043,5747.0703125,1.16444384765625
0.851904296875,0.0778550579121245,3247.0703125,0.96719384765625
0.401904296875,0.1386663312164842,8247.0703125,1.36169384765625
0.514404296875,0.0626522395860346,6997.0703125,1.46031884765625
0.964404296875,0.1234635128903942,1997.0703125,1.06581884765625
0.739404296875,0.0322466029338547,9497.0703125,1.26306884765625
0.289404296875,0.0930578762382144,4497.0703125,0.86856884765625
0.233154296875,0.0854564670751695,8872.0703125,1.01650634765625
0.683154296875,0.1462677403795291,3872.0703125,1.41100634765625
0.908154296875,0.0550508304229896,6372.0703125,0.81925634765625
0.458154296875,0.1158621037273493,1372.0703125,1.21375634765625
0.345654296875,0.0398480120968997,2622.0703125,1.11513134765625
0.795654296875,0.1006592854012594,7622.0703125,0.7206313476562499
0.570654296875,0.0702536487490795,122.0703125,1.31238134765625
0.120654296875,0.1310649220534392,5122.0703125,0.91788134765625
0.127685546875,0.0883069955113113,512.6953125,1.40484228515625
0.5776855468750001,0.149118268815671,5512.6953125,1.01034228515625
0.802685546875,0.0579013588591315,3012.6953125,1.20759228515625
0.352685546875,0.1187126321634911,8012.6953125,0.81309228515625
0.465185546875,0.0426985405330416,6762.6953125,0.71446728515625
0.915185546875,0.1035098138374012,1762.6953125,1.10896728515625
0.690185546875,0.0731041771852214,9262.6953125,0.91171728515625
0.240185546875,0.1339154504895811,4262.6953125,1.30621728515625
0.296435546875,0.0502999496960865,9887.6953125,1.15827978515625
0.746435546875,0.1111112230004462,4887.6953125,0.76377978515625
0.971435546875,0.0807055863482663,7387.6953125,1.35552978515625
0.521435546875,0.141516859652626,2387.6953125,0.96102978515625
0.408935546875,0.0655027680221764,3637.6953125,1.05965478515625
0.858935546875,0.1263140413265361,8637.6953125,1.45415478515625
0.633935546875,0.0350971313699966,1137.6953125,0.86240478515625
0.183935546875,0.0959084046743563,6137.6953125,1.25690478515625
0.212060546875,0.0312964267884741,4575.1953125,0.93637353515625
0.662060546875,0.0921077000928338,9575.1953125,1.33087353515625
0.887060546875,0.061702063440654,2075.1953125,0.73912353515625
0.437060546875,0.1225133367450136,7075.1953125,1.13362353515625
0.549560546875,0.0769048817667439,8325.1953125,1.23224853515625
0.999560546875,0.1377161550711035,3325.1953125,0.8377485351562499
0.774560546875,0.046499245114564,5825.1953125,1.42949853515625
0.324560546875,0.1073105184189237,825.1953125,1.0349985351562498
0.268310546875,0.0693034726036989,5200.1953125,0.88706103515625
0.718310546875,0.1301147459080586,200.1953125,1.28156103515625
0.943310546875,0.0388978359515191,7700.1953125,1.08431103515625
0.493310546875,0.0997091092558787,2700.1953125,1.47881103515625
0.380810546875,0.054100654277609,1450.1953125,1.38018603515625
0.830810546875,0.1149119275819687,6450.1953125,0.98568603515625
0.605810546875,0.0845062909297888,3950.1953125,1.18293603515625
0.155810546875,0.1453175642341485,8950.1953125,0.7884360351562499
0.141748046875,0.0598017111498927,7231.4453125,1.04732666015625
0.591748046875,0.1206129844542524,2231.4453125,1.44182666015625
0.816748046875,0.0902073478020726,9731.4453125,0.8500766601562499
0.366748046875,0.1510186211064322,4731.4453125,1.24457666015625
0.479248046875,0.0750045294759826,981.4453125,1.14595166015625
0.929248046875,0.1358158027803423,5981.4453125,0.75145166015625
0.704248046875,0.0445988928238028,3481.4453125,1.34320166015625
0.254248046875,0.1054101661281625,8481.4453125,0.94870166015625
0.310498046875,0.0826059386390276,2856.4453125,0.80076416015625
0.760498046875,0.1434172119433873,7856.4453125,1.19526416015625
0.985498046875,0.0522003019868478,356.4453125,0.99801416015625
0.535498046875,0.1130115752912074,5356.4453125,1.3925141601562498
0.422998046875,0.0369974836607578,9106.4453125,1.49113916015625
0.872998046875,0.0978087569651175,4106.4453125,1.09663916015625
0.647998046875,0.0674031203129377,6606.4453125,1.29388916015625
0.197998046875,0.1282143936172974,1606.4453125,0.89938916015625
0.169873046875,0.0636024157314152,7543.9453125,1.3185454101562502
0.619873046875,0.1244136890357749,2543.9453125,0.92404541015625
0.844873046875,0.0331967790792354,5043.9453125,1.12129541015625
0.394873046875,0.094008052383595,43.9453125,0.7267954101562499
0.5073730468750001,0.0483995974053253,3793.9453125,0.82542041015625
0.957373046875,0.1092108707096849,8793.9453125,1.21992041015625
0.732373046875,0.0788052340575051,1293.9453125,1.02267041015625
0.282373046875,0.1396165073618648,6293.9453125,1.41717041015625
0.226123046875,0.0407981882422803,1918.9453125,1.26923291015625
0.676123046875,0.10160946154664,6918.9453125,0.87473291015625
0.901123046875,0.0712038248944602,4418.9453125,1.46648291015625
0.451123046875,0.1320150981988198,9418.9453125,1.07198291015625
0.338623046875,0.0864066432205501,5668.9453125,0.97335791015625
0.788623046875,0.1472179165249098,668.9453125,1.36785791015625
0.563623046875,0.0560010065683702,8168.9453125,0.77610791015625
0.113623046875,0.1168122798727299,3168.9453125,1.17060791015625
0.110107421875,0.0659778560948668,5786.1328125,0.72987744140625
0.5601074218750001,0.1267891293992264,786.1328125,1.12437744140625
0.785107421875,0.0355722194426869,8286.1328125,0.92712744140625
0.335107421875,0.0963834927470466,3286.1328125,1.32162744140625
0.447607421875,0.0507750377687768,2036.1328125,1.4202524414062498
0.897607421875,0.1115863110731365,7036.1328125,1.02575244140625
0.672607421875,0.0811806744209567,4536.1328125,1.22300244140625
0.222607421875,0.1419919477253163,9536.1328125,0.82850244140625
0.278857421875,0.0431736286057319,3911.1328125,1.07506494140625
0.728857421875,0.1039849019100915,8911.1328125,1.46956494140625
0.953857421875,0.0735792652579117,1411.1328125,0.8778149414062499
0.503857421875,0.1343905385622714,6411.1328125,1.27231494140625
0.391357421875,0.0887820835840016,7661.1328125,1.17368994140625
0.841357421875,0.1495933568883613,2661.1328125,0.77918994140625
0.616357421875,0.0583764469318218,5161.1328125,1.37093994140625
0.166357421875,0.1191877202361815,161.1328125,0.97643994140625
0.194482421875,0.0545757423502993,9223.6328125,1.24765869140625
0.644482421875,0.115387015654659,4223.6328125,0.85315869140625
0.869482421875,0.0849813790024791,6723.6328125,1.44490869140625
0.419482421875,0.1457926523068388,1723.6328125,1.05040869140625
0.531982421875,0.0697785606763892,2973.6328125,0.95178369140625
0.981982421875,0.1305898339807489,7973.6328125,1.34628369140625
0.756982421875,0.0393729240242094,473.6328125,0.7545336914062499
0.306982421875,0.1001841973285691,5473.6328125,1.14903369140625
0.250732421875,0.0773799698394342,1098.6328125,1.39559619140625
0.700732421875,0.1381912431437938,6098.6328125,1.00109619140625
0.925732421875,0.0469743331872543,3598.6328125,1.19834619140625
0.475732421875,0.107785606491614,8598.6328125,0.80384619140625
0.363232421875,0.0317715148611644,7348.6328125,0.90247119140625
0.813232421875,0.0925827881655241,2348.6328125,1.29697119140625
0.588232421875,0.0621771515133443,9848.6328125,1.09972119140625
0.138232421875,0.1229884248177039,4848.6328125,1.49422119140625
0.152294921875,0.0374725717334481,1254.8828125,1.13670556640625
0.602294921875,0.0982838450378078,6254.8828125,0.74220556640625
0.827294921875,0.067878208385628,3754.8828125,1.33395556640625
0.377294921875,0.1286894816899877,8754.8828125,0.93945556640625
0.489794921875,0.0830810267117179,5004.8828125,1.03808056640625
0.939794921875,0.1438923000160776,4.8828125,1.43258056640625
0.714794921875,0.0526753900595381,7504.8828125,0.84083056640625
0.264794921875,0.1134866633638977,2504.8828125,1.23533056640625
0.321044921875,0.0754796175486729,8129.8828125,1.48189306640625
0.771044921875,0.1362908908530326,3129.8828125,1.08739306640625
0.996044921875,0.0450739808964931,5629.8828125,1.28464306640625
0.546044921875,0.1058852542008528,629.8828125,0.89014306640625
0.433544921875,0.060276799222583,4379.8828125,0.79151806640625
0.883544921875,0.1210880725269427,9379.8828125,1.18601806640625
0.658544921875,0.0906824358747628,1879.8828125,0.98876806640625
0.208544921875,0.1514937091791225,6879.8828125,1.38326806640625
0.180419921875,0.0868817312932404,3442.3828125,0.8161743164062499
0.630419921875,0.1476930045976,8442.3828125,1.21067431640625
0.855419921875,0.0564760946410605,942.3828125,1.01342431640625
0.405419921875,0.1172873679454202,5942.3828125,1.40792431640625
0.517919921875,0.0412732763149706,9692.3828125,1.30929931640625
0.967919921875,0.1020845496193303,4692.3828125,0.91479931640625
0.742919921875,0.0716789129671505,7192.3828125,1.11204931640625
0.292919921875,0.1324901862715101,2192.3828125,0.71754931640625
0.236669921875,0.0488746854780156,6567.3828125,0.96411181640625
0.686669921875,0.1096859587823753,1567.3828125,1.35861181640625
0.911669921875,0.0792803221301954,9067.3828125,0.76686181640625
0.461669921875,0.1400915954345551,4067.3828125,1.16136181640625
0.349169921875,0.0640775038041055,317.3828125,1.25998681640625
0.799169921875,0.1248887771084652,5317.3828125,0.8654868164062499
0.574169921875,0.0336718671519257,2817.3828125,1.45723681640625
0.124169921875,0.0944831404562853,7817.3828125,1.06273681640625
0.117138671875,0.0517252139141574,2739.2578125,1.35244775390625
0.567138671875,0.1125364872185171,7739.2578125,0.95794775390625
0.792138671875,0.0821308505663373,239.2578125,1.15519775390625
0.342138671875,0.142942123870697,5239.2578125,0.7606977539062499
0.454638671875,0.0669280322402474,8989.2578125,0.85932275390625
0.904638671875,0.127739305544607,3989.2578125,1.25382275390625
0.679638671875,0.0365223955880675,6489.2578125,1.05657275390625
0.229638671875,0.0973336688924272,1489.2578125,1.45107275390625
0.285888671875,0.0897322597293822,7114.2578125,1.20451025390625
0.735888671875,0.1505435330337419,2114.2578125,0.8100102539062499
0.960888671875,0.0593266230772024,9614.2578125,1.40176025390625
0.510888671875,0.1201378963815621,4614.2578125,1.0072602539062498
0.398388671875,0.0441238047511125,864.2578125,0.90863525390625
0.848388671875,0.1049350780554722,5864.2578125,1.30313525390625
0.623388671875,0.0745294414032923,3364.2578125,0.71138525390625
0.173388671875,0.135340714707652,8364.2578125,1.10588525390625
0.201513671875,0.0707287368217698,2426.7578125,1.08122900390625
0.651513671875,0.1315400101261295,7426.7578125,1.4757290039062498
0.876513671875,0.04032310016959,4926.7578125,0.88397900390625
0.426513671875,0.1011343734739497,9926.7578125,1.27847900390625
0.539013671875,0.0555259184956799,6176.7578125,1.17985400390625
0.989013671875,0.1163371918000396,1176.7578125,0.78535400390625
0.764013671875,0.0859315551478598,8676.7578125,1.37710400390625
0.314013671875,0.1467428284522194,3676.7578125,0.98260400390625
0.257763671875,0.032721691006545,8051.7578125,0.73604150390625
0.707763671875,0.0935329643109047,3051.7578125,1.13054150390625
0.932763671875,0.0631273276587249,5551.7578125,0.93329150390625
0.482763671875,0.1239386009630846,551.7578125,1.32779150390625
0.370263671875,0.0783301459848148,4301.7578125,1.42641650390625
0.820263671875,0.1391414192891745,9301.7578125,1.03191650390625
0.5952636718750001,0.047924509332635,1801.7578125,1.22916650390625
0.145263671875,0.1087357826369946,6801.7578125,0.83466650390625
0.131201171875,0.080230498275576,9458.0078125,0.99493212890625
0.581201171875,0.1410417715799357,4458.0078125,1.38943212890625
0.806201171875,0.0498248616233962,6958.0078125,0.79768212890625
0.356201171875,0.1106361349277559,1958.0078125,1.19218212890625
0.468701171875,0.0346220432973063,3208.0078125,1.2908071289062502
0.918701171875,0.095433316601666,8208.0078125,0.89630712890625
0.693701171875,0.0650276799494861,708.0078125,1.48805712890625
0.243701171875,0.1258389532538458,5708.0078125,1.09355712890625
0.299951171875,0.0574262707864412,83.0078125,0.84699462890625
0.749951171875,0.1182375440908008,5083.0078125,1.24149462890625
0.974951171875,0.087831907438621,2583.0078125,1.04424462890625
0.5249511718750001,0.1486431807429807,7583.0078125,1.43874462890625
0.412451171875,0.0726290891125311,6333.0078125,1.34011962890625
0.862451171875,0.1334403624168907,1333.0078125,0.94561962890625
0.637451171875,0.0422234524603512,8833.0078125,1.14286962890625
0.187451171875,0.1030347257647109,3833.0078125,0.7483696289062499
0.159326171875,0.0384227478788288,5395.5078125,1.46340087890625
0.609326171875,0.0992340211831884,395.5078125,1.06890087890625
0.834326171875,0.0688283845310086,7895.5078125,1.26615087890625
0.384326171875,0.1296396578353683,2895.5078125,0.87165087890625
0.496826171875,0.0840312028570985,1645.5078125,0.77302587890625
0.946826171875,0.1448424761614582,6645.5078125,1.16752587890625
0.721826171875,0.0536255662049187,4145.5078125,0.97027587890625
0.271826171875,0.1144368395092783,9145.5078125,1.36477587890625
0.215576171875,0.0612269753679636,4770.5078125,1.11821337890625
0.665576171875,0.1220382486723233,9770.5078125,0.72371337890625
0.890576171875,0.0308213387157838,2270.5078125,1.31546337890625
0.440576171875,0.0916326120201435,7270.5078125,0.92096337890625
0.328076171875,0.0460241570418737,8520.5078125,1.01958837890625
0.778076171875,0.1068354303462334,3520.5078125,1.41408837890625
0.553076171875,0.0764297936940536,6020.5078125,0.82233837890625
0.103076171875,0.1372410669984132,1020.5078125,1.21683837890625
0.102197265625,0.045667840987356,5268.5546875,1.10973779296875
0.552197265625,0.1064791142917157,268.5546875,0.71523779296875
0.777197265625,0.0760734776395358,7768.5546875,1.30698779296875
0.327197265625,0.1368847509438955,2768.5546875,0.91248779296875
0.439697265625,0.0608706593134459,1518.5546875,1.01111279296875
0.889697265625,0.1216819326178056,6518.5546875,1.40561279296875
0.664697265625,0.0304650226612661,4018.5546875,0.81386279296875
0.214697265625,0.0912762959656257,9018.5546875,1.20836279296875
0.270947265625,0.0836748868025808,4643.5546875,1.45492529296875
0.720947265625,0.1444861601069405,9643.5546875,1.06042529296875
0.945947265625,0.0532692501504009,2143.5546875,1.25767529296875
0.495947265625,0.1140805234547606,7143.5546875,0.86317529296875
0.383447265625,0.038066431824311,8393.5546875,0.76455029296875
0.833447265625,0.0988777051286707,3393.5546875,1.15905029296875
0.608447265625,0.0684720684764909,5893.5546875,0.96180029296875
0.158447265625,0.1292833417808505,893.5546875,1.35630029296875
0.186572265625,0.0722727730580133,9956.0546875,0.8385190429687499
0.636572265625,0.133084046362373,4956.0546875,1.23301904296875
0.861572265625,0.0418671364058335,7456.0546875,1.03576904296875
0.411572265625,0.1026784097101932,2456.0546875,1.43026904296875
0.524072265625,0.0570699547319234,3706.0546875,1.33164404296875
0.974072265625,0.1178812280362831,8706.0546875,0.93714404296875
0.749072265625,0.0874755913841033,1206.0546875,1.13439404296875
0.299072265625,0.1482868646884629,6206.0546875,0.7398940429687499
0.242822265625,0.0342657272427886,581.0546875,0.98645654296875
0.692822265625,0.0950770005471482,5581.0546875,1.38095654296875
0.917822265625,0.0646713638949684,3081.0546875,0.7892065429687499
0.467822265625,0.1254826371993281,8081.0546875,1.18370654296875
0.355322265625,0.0798741822210583,6831.0546875,1.28233154296875
0.805322265625,0.140685455525418,1831.0546875,0.88783154296875
0.580322265625,0.0494685455688785,9331.0546875,1.47958154296875
0.130322265625,0.1102798188732381,4331.0546875,1.08508154296875
0.144384765625,0.0779738299302971,1987.3046875,0.75222216796875
0.594384765625,0.1387851032346568,6987.3046875,1.14672216796875
0.819384765625,0.0475681932781172,4487.3046875,0.94947216796875
0.369384765625,0.1083794665824769,9487.3046875,1.34397216796875
0.481884765625,0.0323653749520273,5737.3046875,1.44259716796875
0.931884765625,0.093176648256387,737.3046875,1.04809716796875
0.706884765625,0.0627710116042072,8237.3046875,1.24534716796875
0.256884765625,0.1235822849085668,3237.3046875,0.8508471679687499
0.313134765625,0.0551696024411622,7612.3046875,1.09740966796875
0.763134765625,0.1159808757455219,2612.3046875,1.49190966796875
0.988134765625,0.085575239093342,5112.3046875,0.90015966796875
0.5381347656250001,0.1463865123977017,112.3046875,1.29465966796875
0.425634765625,0.0703724207672521,3862.3046875,1.19603466796875
0.875634765625,0.1311836940716118,8862.3046875,0.80153466796875
0.650634765625,0.0399667841150723,1362.3046875,1.39328466796875
0.200634765625,0.100778057419432,6362.3046875,0.99878466796875
0.172509765625,0.0437674886965948,2924.8046875,1.22069091796875
0.622509765625,0.1045787620009544,7924.8046875,0.82619091796875
0.847509765625,0.0741731253487746,424.8046875,1.41794091796875
0.397509765625,0.1349843986531343,5424.8046875,1.02344091796875
0.510009765625,0.0893759436748645,9174.8046875,0.92481591796875
0.960009765625,0.1501872169792242,4174.8046875,1.31931591796875
0.735009765625,0.0589703070226847,6674.8046875,0.7275659179687499
0.285009765625,0.1197815803270443,1674.8046875,1.12206591796875
0.228759765625,0.0665717161857296,7299.8046875,1.36862841796875
0.678759765625,0.1273829894900893,2299.8046875,0.97412841796875
0.903759765625,0.0361660795335498,9799.8046875,1.17137841796875
0.453759765625,0.0969773528379095,4799.8046875,0.77687841796875
0.341259765625,0.0513688978596397,1049.8046875,0.87550341796875
0.791259765625,0.1121801711639994,6049.8046875,1.2700034179687498
0.566259765625,0.0817745345118196,3549.8046875,1.07275341796875
0.116259765625,0.1425858078161792,8549.8046875,1.46725341796875
0.123291015625,0.0637211877495878,3315.4296875,0.98029248046875
0.5732910156250001,0.1245324610539475,8315.4296875,1.37479248046875
0.798291015625,0.0333155510974079,815.4296875,0.7830424804687499
0.348291015625,0.0941268244017676,5815.4296875,1.17754248046875
0.460791015625,0.0485183694234979,9565.4296875,1.27616748046875
0.910791015625,0.1093296427278575,4565.4296875,0.88166748046875
0.685791015625,0.0789240060756777,7065.4296875,1.47341748046875
0.235791015625,0.1397352793800374,2065.4296875,1.07891748046875
0.292041015625,0.0409169602604529,6440.4296875,0.83235498046875
0.742041015625,0.1017282335648126,1440.4296875,1.22685498046875
0.967041015625,0.0713225969126327,8940.4296875,1.02960498046875
0.517041015625,0.1321338702169924,3940.4296875,1.42410498046875
0.404541015625,0.0865254152387226,190.4296875,1.32547998046875
0.854541015625,0.1473366885430823,5190.4296875,0.93097998046875
0.629541015625,0.0561197785865428,2690.4296875,1.12822998046875
0.179541015625,0.1169310518909025,7690.4296875,0.7337299804687499
0.207666015625,0.0599204831680653,1752.9296875,1.49807373046875
0.657666015625,0.120731756472425,6752.9296875,1.1035737304687498
0.882666015625,0.0903261198202451,4252.9296875,1.30082373046875
0.432666015625,0.1511373931246048,9252.9296875,0.90632373046875
0.545166015625,0.0751233014941552,5502.9296875,0.80769873046875
0.995166015625,0.1359345747985149,502.9296875,1.20219873046875
0.770166015625,0.0447176648419754,8002.9296875,1.00494873046875
0.320166015625,0.105528938146335,3002.9296875,1.39944873046875
0.263916015625,0.0827247106572002,8627.9296875,1.15288623046875
0.713916015625,0.1435359839615599,3627.9296875,0.75838623046875
0.938916015625,0.0523190740050203,6127.9296875,1.35013623046875
0.488916015625,0.11313034730938,1127.9296875,0.95563623046875
0.376416015625,0.0371162556789304,4877.9296875,1.05426123046875
0.826416015625,0.0979275289832901,9877.9296875,1.44876123046875
0.601416015625,0.0675218923311102,2377.9296875,0.8570112304687499
0.151416015625,0.1283331656354699,7377.9296875,1.25151123046875
0.137353515625,0.0314151988066467,8784.1796875,1.3871206054687502
0.587353515625,0.0922264721110064,3784.1796875,0.99262060546875
0.812353515625,0.0618208354588265,6284.1796875,1.18987060546875
0.362353515625,0.1226321087631862,1284.1796875,0.7953706054687499
0.474853515625,0.0770236537849164,2534.1796875,0.89399560546875
0.924853515625,0.1378349270892761,7534.1796875,1.28849560546875
0.699853515625,0.0466180171327366,34.1796875,1.09124560546875
0.249853515625,0.1074292904370963,5034.1796875,1.48574560546875
0.306103515625,0.0694222446218715,659.1796875,1.23918310546875
0.756103515625,0.1302335179262312,5659.1796875,0.84468310546875
0.981103515625,0.0390166079696917,3159.1796875,1.43643310546875
0.531103515625,0.0998278812740513,8159.1796875,1.04193310546875
0.418603515625,0.0542194262957816,6909.1796875,0.94330810546875
0.868603515625,0.1150306996001412,1909.1796875,1.33780810546875
0.643603515625,0.0846250629479614,9409.1796875,0.74605810546875
0.193603515625,0.1454363362523211,4409.1796875,1.14055810546875
0.165478515625,0.0884257675294839,5971.6796875,1.06658935546875
0.615478515625,0.1492370408338436,971.6796875,1.46108935546875
0.840478515625,0.0580201308773041,8471.6796875,0.86933935546875
0.390478515625,0.1188314041816637,3471.6796875,1.26383935546875
0.5029785156250001,0.0428173125512141,2221.6796875,1.16521435546875
0.952978515625,0.1036285858555738,7221.6796875,0.77071435546875
0.727978515625,0.073222949203394,4721.6796875,1.36246435546875
0.277978515625,0.1340342225077536,9721.6796875,0.96796435546875
0.221728515625,0.0504187217142591,4096.6796875,0.72140185546875
0.671728515625,0.1112299950186188,9096.6796875,1.11590185546875
0.896728515625,0.0808243583664389,1596.6796875,0.91865185546875
0.446728515625,0.1416356316707986,6596.6796875,1.31315185546875
0.334228515625,0.065621540040349,7846.6796875,1.41177685546875
0.784228515625,0.1264328133447087,2846.6796875,1.01727685546875
0.559228515625,0.0352159033881692,5346.6796875,1.2145268554687498
0.109228515625,0.0960271766925288,346.6796875,0.82002685546875
0.112744140625,0.0860503271660323,8041.9921875,1.25459326171875
0.562744140625,0.146861600470392,3041.9921875,0.86009326171875
0.787744140625,0.0556446905138525,5541.9921875,1.45184326171875
0.337744140625,0.1164559638182122,541.9921875,1.05734326171875
0.450244140625,0.0404418721877626,4291.9921875,0.95871826171875
0.900244140625,0.1012531454921222,9291.9921875,1.35321826171875
0.675244140625,0.0708475088399424,1791.9921875,0.7614682617187499
0.225244140625,0.1316587821443021,6791.9921875,1.15596826171875
0.281494140625,0.0480432813508075,2416.9921875,1.30390576171875
0.731494140625,0.1088545546551672,7416.9921875,0.90940576171875
0.956494140625,0.0784489180029874,4916.9921875,1.10665576171875
0.506494140625,0.1392601913073471,9916.9921875,0.71215576171875
0.393994140625,0.0632460996768975,6166.9921875,0.8107807617187499
0.843994140625,0.1240573729812571,1166.9921875,1.20528076171875
0.618994140625,0.0328404630247176,8666.9921875,1.00803076171875
0.168994140625,0.0936517363290773,3666.9921875,1.40253076171875
0.197119140625,0.0366411676062401,7104.4921875,0.78612451171875
0.647119140625,0.0974524409105998,2104.4921875,1.18062451171875
0.872119140625,0.0670468042584199,9604.4921875,0.98337451171875
0.422119140625,0.1278580775627796,4604.4921875,1.37787451171875
0.534619140625,0.0822496225845099,854.4921875,1.47649951171875
0.984619140625,0.1430608958888695,5854.4921875,1.08199951171875
0.759619140625,0.05184398593233,3354.4921875,1.27924951171875
0.309619140625,0.1126552592366897,8354.4921875,0.8847495117187499
0.253369140625,0.0746482134214649,2729.4921875,1.03268701171875
0.703369140625,0.1354594867258246,7729.4921875,1.42718701171875
0.928369140625,0.0442425767692851,229.4921875,0.83543701171875
0.478369140625,0.1050538500736447,5229.4921875,1.22993701171875
0.365869140625,0.059445395095375,8979.4921875,1.13131201171875
0.815869140625,0.1202566683997346,3979.4921875,0.73681201171875
0.5908691406250001,0.0898510317475548,6479.4921875,1.32856201171875
0.140869140625,0.1506623050519145,1479.4921875,0.93406201171875
0.154931640625,0.0537443382230913,4760.7421875,0.89707763671875
0.604931640625,0.1145556115274509,9760.7421875,1.29157763671875
0.829931640625,0.0841499748752711,2260.7421875,1.09432763671875
0.379931640625,0.1449612481796308,7260.7421875,1.4888276367187498
0.492431640625,0.0689471565491812,8510.7421875,1.39020263671875
0.942431640625,0.1297584298535408,3510.7421875,0.99570263671875
0.717431640625,0.0385415198970013,6010.7421875,1.19295263671875
0.267431640625,0.099352793201361,1010.7421875,0.79845263671875
0.323681640625,0.0765485657122261,5385.7421875,0.94639013671875
0.773681640625,0.1373598390165858,385.7421875,1.34089013671875
0.998681640625,0.0461429290600463,7885.7421875,0.74914013671875
0.548681640625,0.106954202364406,2885.7421875,1.14364013671875
0.436181640625,0.0309401107339564,1635.7421875,1.2422651367187498
0.886181640625,0.0917513840383161,6635.7421875,0.84776513671875
0.661181640625,0.0613457473861362,4135.7421875,1.43951513671875
0.211181640625,0.1221570206904959,9135.7421875,1.04501513671875
0.183056640625,0.0651464519676587,73.2421875,1.16829638671875
0.633056640625,0.1259577252720184,5073.2421875,0.77379638671875
0.858056640625,0.0347408153154789,2573.2421875,1.36554638671875
0.408056640625,0.0955520886198385,7573.2421875,0.97104638671875
0.5205566406250001,0.0499436336415688,6323.2421875,1.06967138671875
0.970556640625,0.1107549069459284,1323.2421875,1.46417138671875
0.745556640625,0.0803492702937486,8823.2421875,0.87242138671875
0.295556640625,0.1411605435981083,3823.2421875,1.26692138671875
0.239306640625,0.0423422244785238,9448.2421875,1.4148588867187502
0.689306640625,0.1031534977828835,4448.2421875,1.02035888671875
0.914306640625,0.0727478611307037,6948.2421875,1.21760888671875
0.464306640625,0.1335591344350633,1948.2421875,0.8231088867187499
0.351806640625,0.0879506794567936,3198.2421875,0.72448388671875
0.801806640625,0.1487619527611532,8198.2421875,1.11898388671875
0.576806640625,0.0575450428046137,698.2421875,0.92173388671875
0.126806640625,0.1183563161089734,5698.2421875,1.31623388671875
0.119775390625,0.039491696042382,1245.1171875,1.02652294921875
0.569775390625,0.1003029693467416,6245.1171875,1.42102294921875
0.794775390625,0.0698973326945618,3745.1171875,0.8292729492187499
0.344775390625,0.1307086059989215,8745.1171875,1.22377294921875
0.457275390625,0.0851001510206517,7495.1171875,1.12514794921875
0.907275390625,0.1459114243250114,2495.1171875,0.73064794921875
0.682275390625,0.0546945143684719,9995.1171875,1.32239794921875
0.232275390625,0.1155057876728316,4995.1171875,0.92789794921875
0.288525390625,0.0622959235315168,9370.1171875,0.77996044921875
0.738525390625,0.1231071968358765,4370.1171875,1.17446044921875
0.963525390625,0.031890286879337,6870.1171875,0.97721044921875
0.513525390625,0.0927015601836967,1870.1171875,1.37171044921875
0.401025390625,0.0470931052054269,3120.1171875,1.47033544921875
0.851025390625,0.1079043785097866,8120.1171875,1.07583544921875
0.626025390625,0.0774987418576068,620.1171875,1.27308544921875
0.176025390625,0.1383100151619664,5620.1171875,0.8785854492187499
0.204150390625,0.0812994464391292,4057.6171875,1.34705419921875
0.654150390625,0.1421107197434889,9057.6171875,0.95255419921875
0.879150390625,0.0508938097869494,1557.6171875,1.14980419921875
0.429150390625,0.1117050830913091,6557.6171875,0.7553041992187499
0.541650390625,0.0356909914608595,7807.6171875,0.85392919921875
0.991650390625,0.0965022647652192,2807.6171875,1.24842919921875
0.766650390625,0.0660966281130393,5307.6171875,1.05117919921875
0.316650390625,0.126907901417399,307.6171875,1.44567919921875
0.260400390625,0.0584952189499944,5932.6171875,1.29774169921875
0.710400390625,0.119306492254354,932.6171875,0.90324169921875
0.935400390625,0.0889008556021742,8432.6171875,1.49499169921875
0.485400390625,0.1497121289065339,3432.6171875,1.10049169921875
0.372900390625,0.0736980372760843,2182.6171875,1.00186669921875
0.822900390625,0.134509310580444,7182.6171875,1.39636669921875
0.597900390625,0.0432924006239044,4682.6171875,0.80461669921875
0.147900390625,0.1041036739282641,9682.6171875,1.19911669921875
0.133837890625,0.071797684985323,6713.8671875,1.43335107421875
0.583837890625,0.1326089582896827,1713.8671875,1.03885107421875
0.808837890625,0.0413920483331432,9213.8671875,1.23610107421875
0.358837890625,0.1022033216375029,4213.8671875,0.84160107421875
0.471337890625,0.0565948666592331,463.8671875,0.74297607421875
0.921337890625,0.1174061399635928,5463.8671875,1.13747607421875
0.696337890625,0.087000503311413,2963.8671875,0.94022607421875
0.246337890625,0.1478117766157726,7963.8671875,1.33472607421875
0.302587890625,0.0337906391700982,3588.8671875,1.18678857421875
0.752587890625,0.0946019124744579,8588.8671875,0.79228857421875
0.977587890625,0.0641962758222781,1088.8671875,1.38403857421875
0.527587890625,0.1250075491266378,6088.8671875,0.98953857421875
0.415087890625,0.079399094148368,9838.8671875,1.08816357421875
0.865087890625,0.1402103674527277,4838.8671875,1.48266357421875
0.640087890625,0.0489934574961882,7338.8671875,0.89091357421875
0.190087890625,0.1098047308005479,2338.8671875,1.28541357421875
0.161962890625,0.0527941620777106,8276.3671875,0.91556982421875
0.611962890625,0.1136054353820703,3276.3671875,1.31006982421875
0.836962890625,0.0831997987298905,5776.3671875,0.71831982421875
0.386962890625,0.1440110720342501,776.3671875,1.11281982421875
0.499462890625,0.0679969804038006,4526.3671875,1.21144482421875
0.949462890625,0.1288082537081602,9526.3671875,0.81694482421875
0.724462890625,0.0375913437516207,2026.3671875,1.40869482421875
0.274462890625,0.0984026170559804,7026.3671875,1.01419482421875
0.218212890625,0.0908012078929354,1401.3671875,0.86625732421875
0.668212890625,0.1516124811972951,6401.3671875,1.26075732421875
0.893212890625,0.0603955712407556,3901.3671875,1.06350732421875
0.443212890625,0.1212068445451153,8901.3671875,1.45800732421875
0.330712890625,0.0451927529146657,5151.3671875,1.3593823242187502
0.780712890625,0.1060040262190253,151.3671875,0.96488232421875
0.5557128906250001,0.0755983895668455,7651.3671875,1.16213232421875
0.105712890625,0.1364096628712052,2651.3671875,0.7676323242187499
0.103955078125,0.0758359336031907,1694.3359375,1.33626708984375
0.553955078125,0.1366472069075503,6694.3359375,0.94176708984375
0.778955078125,0.0454302969510108,4194.3359375,1.13901708984375
0.328955078125,0.1062415702553705,9194.3359375,0.74451708984375
0.441455078125,0.0606331152771008,5444.3359375,0.8431420898437499
0.891455078125,0.1214443885814604,444.3359375,1.23764208984375
0.666455078125,0.0910387519292806,7944.3359375,1.04039208984375
0.216455078125,0.1518500252336402,2944.3359375,1.43489208984375
0.272705078125,0.0378288877879659,8569.3359375,1.28695458984375
0.722705078125,0.0986401610923255,3569.3359375,0.8924545898437499
0.947705078125,0.0682345244401457,6069.3359375,1.48420458984375
0.497705078125,0.1290457977445054,1069.3359375,1.08970458984375
0.385205078125,0.0834373427662356,4819.3359375,0.99107958984375
0.835205078125,0.1442486160705953,9819.3359375,1.38557958984375
0.610205078125,0.0530317061140558,2319.3359375,0.79382958984375
0.160205078125,0.1138429794184155,7319.3359375,1.18832958984375
0.188330078125,0.0492310015325333,3256.8359375,1.01573583984375
0.638330078125,0.110042274836893,8256.8359375,1.41023583984375
0.863330078125,0.0796366381847132,756.8359375,0.81848583984375
0.413330078125,0.1404479114890728,5756.8359375,1.21298583984375
0.525830078125,0.0644338198586232,9506.8359375,1.11436083984375
0.975830078125,0.1252450931629829,4506.8359375,0.7198608398437499
0.750830078125,0.0340281832064434,7006.8359375,1.31161083984375
0.300830078125,0.0948394565108031,2006.8359375,0.91711083984375
0.244580078125,0.0872380473477581,6381.8359375,0.7691733398437499
0.694580078125,0.1480493206521178,1381.8359375,1.16367333984375
0.919580078125,0.0568324106955783,8881.8359375,0.96642333984375
0.469580078125,0.1176436839999379,3881.8359375,1.36092333984375
0.357080078125,0.0416295923694884,131.8359375,1.45954833984375
0.807080078125,0.102440865673848,5131.8359375,1.06504833984375
0.5820800781250001,0.0720352290216682,2631.8359375,1.26229833984375
0.132080078125,0.1328465023260279,7631.8359375,0.86779833984375
0.146142578125,0.0435299446602496,6225.5859375,0.92943896484375
0.596142578125,0.1043412179646093,1225.5859375,1.3239389648437498
0.821142578125,0.0739355813124294,8725.5859375,0.73218896484375
0.371142578125,0.1347468546167891,3725.5859375,1.12668896484375
0.483642578125,0.0891383996385194,2475.5859375,1.22531396484375
0.933642578125,0.149949672942879,7475.5859375,0.83081396484375
0.708642578125,0.0587327629863395,4975.5859375,1.42256396484375
0.258642578125,0.1195440362906992,9975.5859375,1.02806396484375
0.314892578125,0.0663341721493845,4350.5859375,0.88012646484375
0.764892578125,0.1271454454537441,9350.5859375,1.27462646484375
0.989892578125,0.0359285354972046,1850.5859375,1.07737646484375
0.539892578125,0.0967398088015643,6850.5859375,1.47187646484375
0.427392578125,0.0511313538232946,8100.5859375,1.37325146484375
0.877392578125,0.1119426271276542,3100.5859375,0.97875146484375
0.652392578125,0.0815369904754744,5600.5859375,1.17600146484375
0.202392578125,0.1423482637798341,600.5859375,0.7815014648437499
0.174267578125,0.0777362858939519,9038.0859375,1.44722021484375
0.624267578125,0.1385475591983116,4038.0859375,1.05272021484375
0.849267578125,0.0473306492417721,6538.0859375,1.24997021484375
0.399267578125,0.1081419225461318,1538.0859375,0.85547021484375
0.5117675781250001,0.0321278309156822,2788.0859375,0.75684521484375
0.961767578125,0.0929391042200418,7788.0859375,1.15134521484375
0.736767578125,0.062533467567862,288.0859375,0.95409521484375
0.286767578125,0.1233447408722217,5288.0859375,1.34859521484375
0.230517578125,0.054932058404817,913.0859375,1.20065771484375
0.680517578125,0.1157433317091767,5913.0859375,0.80615771484375
0.905517578125,0.0853376950569969,3413.0859375,1.39790771484375
0.455517578125,0.1461489683613565,8413.0859375,1.00340771484375
0.343017578125,0.070134876730907,7163.0859375,1.10203271484375
0.793017578125,0.1309461500352666,2163.0859375,1.49653271484375
0.568017578125,0.0397292400787271,9663.0859375,0.90478271484375
0.118017578125,0.1005405133830868,4663.0859375,1.29928271484375
0.125048828125,0.0577825868409589,9741.2109375,0.79999365234375
0.575048828125,0.1185938601453186,4741.2109375,1.19449365234375
0.800048828125,0.0881882234931387,7241.2109375,0.99724365234375
0.350048828125,0.1489994967974984,2241.2109375,1.39174365234375
0.462548828125,0.0729854051670488,3491.2109375,1.49036865234375
0.912548828125,0.1337966784714085,8491.2109375,1.09586865234375
0.687548828125,0.042579768514869,991.2109375,1.29311865234375
0.237548828125,0.1033910418192286,5991.2109375,0.8986186523437499
0.293798828125,0.0805868143300938,366.2109375,1.04655615234375
0.743798828125,0.1413980876344535,5366.2109375,1.44105615234375
0.968798828125,0.0501811776779139,2866.2109375,0.84930615234375
0.518798828125,0.1109924509822736,7866.2109375,1.24380615234375
0.406298828125,0.034978359351824,6616.2109375,1.14518115234375
0.856298828125,0.0957896326561837,1616.2109375,0.75068115234375
0.631298828125,0.0653839960040039,9116.2109375,1.34243115234375
0.181298828125,0.1261952693083635,4116.2109375,0.94793115234375
0.209423828125,0.0615832914224814,5053.7109375,1.26846240234375
0.659423828125,0.122394564726841,53.7109375,0.87396240234375
0.884423828125,0.0311776547703015,7553.7109375,1.46571240234375
0.434423828125,0.0919889280746612,2553.7109375,1.07121240234375
0.5469238281250001,0.0463804730963915,1303.7109375,0.97258740234375
0.996923828125,0.1071917464007511,6303.7109375,1.36708740234375
0.771923828125,0.0767861097485713,3803.7109375,0.7753374023437499
0.321923828125,0.137597383052931,8803.7109375,1.16983740234375
0.265673828125,0.0387790639333465,4428.7109375,1.31777490234375
0.715673828125,0.0995903372377062,9428.7109375,0.92327490234375
0.940673828125,0.0691847005855263,1928.7109375,1.12052490234375
0.490673828125,0.129995973889886,6928.7109375,0.72602490234375
0.378173828125,0.0843875189116162,8178.7109375,0.82464990234375
0.828173828125,0.1451987922159759,3178.7109375,1.21914990234375
0.603173828125,0.0539818822594364,5678.7109375,1.02189990234375
0.153173828125,0.1147931555637961,678.7109375,1.41639990234375
0.139111328125,0.0900885757839,3022.4609375,1.15750927734375
0.589111328125,0.1508998490882596,8022.4609375,0.76300927734375
0.814111328125,0.0596829391317201,522.4609375,1.35475927734375
0.364111328125,0.1204942124360798,5522.4609375,0.96025927734375
0.476611328125,0.0444801208056302,9272.4609375,1.05888427734375
0.926611328125,0.1052913941099899,4272.4609375,1.45338427734375
0.701611328125,0.07488575745781,6772.4609375,0.86163427734375
0.251611328125,0.1356970307621697,1772.4609375,1.25613427734375
0.307861328125,0.0520815299686752,7397.4609375,1.40407177734375
0.757861328125,0.1128928032730348,2397.4609375,1.00957177734375
0.982861328125,0.082487166620855,9897.4609375,1.20682177734375
0.532861328125,0.1432984399252147,4897.4609375,0.81232177734375
0.420361328125,0.0672843482947651,1147.4609375,0.7136967773437499
0.870361328125,0.1280956215991248,6147.4609375,1.10819677734375
0.645361328125,0.0368787116425853,3647.4609375,0.91094677734375
0.195361328125,0.0976899849469449,8647.4609375,1.30544677734375
0.167236328125,0.0330780070610628,2084.9609375,0.88629052734375
0.617236328125,0.0938892803654224,7084.9609375,1.28079052734375
0.842236328125,0.0634836437132426,4584.9609375,1.08354052734375
0.392236328125,0.1242949170176023,9584.9609375,1.47804052734375
0.504736328125,0.0786864620393325,5834.9609375,1.3794155273437498
0.954736328125,0.1394977353436922,834.9609375,0.98491552734375
0.729736328125,0.0482808253871527,8334.9609375,1.18216552734375
0.279736328125,0.1090920986915124,3334.9609375,0.78766552734375
0.223486328125,0.0710850528762876,7709.9609375,0.93560302734375
0.673486328125,0.1318963261806473,2709.9609375,1.33010302734375
0.898486328125,0.0406794162241077,5209.9609375,0.73835302734375
0.448486328125,0.1014906895284674,209.9609375,1.13285302734375
0.335986328125,0.0558822345501976,3959.9609375,1.23147802734375
0.785986328125,0.1166935078545573,8959.9609375,0.8369780273437499
0.560986328125,0.0862878712023775,1459.9609375,1.42872802734375
0.110986328125,0.1470991445067372,6459.9609375,1.03422802734375
0.107470703125,0.0354534474245143,3764.6484375,1.48728662109375
0.557470703125,0.096264720728874,8764.6484375,1.09278662109375
0.782470703125,0.0658590840766942,1264.6484375,1.29003662109375
0.332470703125,0.1266703573810539,6264.6484375,0.89553662109375
0.444970703125,0.0810619024027841,7514.6484375,0.7969116210937499
0.894970703125,0.1418731757071437,2514.6484375,1.19141162109375
0.669970703125,0.0506562657506042,5014.6484375,0.99416162109375
0.219970703125,0.1114675390549639,14.6484375,1.38866162109375
0.276220703125,0.0734604932397391,5639.6484375,1.14209912109375
0.726220703125,0.1342717665440988,639.6484375,0.7475991210937499
0.951220703125,0.0430548565875593,8139.6484375,1.33934912109375
0.501220703125,0.103866129891919,3139.6484375,0.94484912109375
0.388720703125,0.0582576749136492,1889.6484375,1.04347412109375
0.838720703125,0.1190689482180089,6889.6484375,1.43797412109375
0.613720703125,0.088663311565829,4389.6484375,0.84622412109375
0.163720703125,0.1494745848701887,9389.6484375,1.24072412109375
0.191845703125,0.0848626069843066,952.1484375,0.96950537109375
0.641845703125,0.1456738802886662,5952.1484375,1.36400537109375
0.866845703125,0.0544569703321267,3452.1484375,0.77225537109375
0.416845703125,0.1152682436364864,8452.1484375,1.16675537109375
0.5293457031250001,0.0392541520060368,7202.1484375,1.26538037109375
0.979345703125,0.1000654253103965,2202.1484375,0.8708803710937499
0.754345703125,0.0696597886582166,9702.1484375,1.46263037109375
0.304345703125,0.1304710619625763,4702.1484375,1.06813037109375
0.248095703125,0.0468555611690818,9077.1484375,0.82156787109375
0.698095703125,0.1076668344734414,4077.1484375,1.21606787109375
0.923095703125,0.0772611978212616,6577.1484375,1.01881787109375
0.473095703125,0.1380724711256213,1577.1484375,1.41331787109375
0.360595703125,0.0620583794951717,2827.1484375,1.31469287109375
0.810595703125,0.1228696527995314,7827.1484375,0.92019287109375
0.585595703125,0.0316527428429918,327.1484375,1.11744287109375
0.135595703125,0.0924640161473515,5327.1484375,0.72294287109375
0.149658203125,0.0677594363674554,8295.8984375,1.08045849609375
0.5996582031250001,0.1285707096718151,3295.8984375,1.47495849609375
0.824658203125,0.0373537997152756,5795.8984375,0.88320849609375
0.374658203125,0.0981650730196352,795.8984375,1.27770849609375
0.487158203125,0.0525566180413655,4545.8984375,1.17908349609375
0.937158203125,0.1133678913457252,9545.8984375,0.78458349609375
0.712158203125,0.0829622546935453,2045.8984375,1.37633349609375
0.262158203125,0.143773527997905,7045.8984375,0.98183349609375
0.318408203125,0.0449552088783205,1420.8984375,0.73527099609375
0.768408203125,0.1057664821826802,6420.8984375,1.12977099609375
0.993408203125,0.0753608455305004,3920.8984375,0.93252099609375
0.543408203125,0.13617211883486,8920.8984375,1.32702099609375
0.430908203125,0.0905636638565903,5170.8984375,1.42564599609375
0.880908203125,0.15137493716095,170.8984375,1.03114599609375
0.655908203125,0.0601580272044105,7670.8984375,1.22839599609375
0.205908203125,0.1209693005087701,2670.8984375,0.83389599609375
0.177783203125,0.056357322622888,6733.3984375,1.40098974609375
0.627783203125,0.1171685959272477,1733.3984375,1.00648974609375
0.852783203125,0.0867629592750678,9233.3984375,1.20373974609375
0.402783203125,0.1475742325794275,4233.3984375,0.8092397460937499
0.515283203125,0.0715601409489779,483.3984375,0.90786474609375
0.965283203125,0.1323714142533376,5483.3984375,1.30236474609375
0.740283203125,0.0411545042967981,2983.3984375,1.10511474609375
0.290283203125,0.1019657776011577,7983.3984375,1.49961474609375
0.234033203125,0.0791615501120228,3608.3984375,1.25305224609375
0.684033203125,0.1399728234163825,8608.3984375,0.85855224609375
0.909033203125,0.048755913459843,1108.3984375,1.45030224609375
0.459033203125,0.1095671867642027,6108.3984375,1.05580224609375
0.346533203125,0.0335530951337531,9858.3984375,0.95717724609375
0.796533203125,0.0943643684381128,4858.3984375,1.3516772460937498
0.571533203125,0.0639587317859329,7358.3984375,0.75992724609375
0.121533203125,0.1247700050902926,2358.3984375,1.15442724609375
0.114501953125,0.0820120785481647,6967.7734375,0.8523881835937499
0.5645019531250001,0.1428233518525244,1967.7734375,1.24688818359375
0.789501953125,0.0516064418959849,9467.7734375,1.04963818359375
0.339501953125,0.1124177152003445,4467.7734375,1.44413818359375
0.452001953125,0.0364036235698949,717.7734375,1.34551318359375
0.902001953125,0.0972148968742546,5717.7734375,0.95101318359375
0.677001953125,0.0668092602220748,3217.7734375,1.14826318359375
0.227001953125,0.1276205335264345,8217.7734375,0.7537631835937499
0.283251953125,0.0592078510590298,2592.7734375,1.00032568359375
0.733251953125,0.1200191243633895,7592.7734375,1.39482568359375
0.958251953125,0.0896134877112097,92.7734375,0.8030756835937499
0.508251953125,0.1504247610155693,5092.7734375,1.19757568359375
0.395751953125,0.0744106693851197,8842.7734375,1.2962006835937498
0.845751953125,0.1352219426894794,3842.7734375,0.90170068359375
0.620751953125,0.0440050327329399,6342.7734375,1.49345068359375
0.170751953125,0.1048163060372996,1342.7734375,1.09895068359375
0.198876953125,0.0402043281514174,7905.2734375,1.12360693359375
0.648876953125,0.1010156014557771,2905.2734375,0.72910693359375
0.873876953125,0.0706099648035973,5405.2734375,1.32085693359375
0.423876953125,0.1314212381079569,405.2734375,0.92635693359375
0.536376953125,0.0858127831296872,4155.2734375,1.02498193359375
0.986376953125,0.1466240564340469,9155.2734375,1.41948193359375
0.761376953125,0.0554071464775073,1655.2734375,0.82773193359375
0.311376953125,0.116218419781867,6655.2734375,1.2222319335937502
0.255126953125,0.0630085556405523,2280.2734375,1.46879443359375
0.705126953125,0.123819828944912,7280.2734375,1.07429443359375
0.930126953125,0.0326029189883725,4780.2734375,1.27154443359375
0.480126953125,0.0934141922927321,9780.2734375,0.87704443359375
0.367626953125,0.0478057373144624,6030.2734375,0.77841943359375
0.817626953125,0.108617010618822,1030.2734375,1.17291943359375
0.592626953125,0.0782113739666422,8530.2734375,0.97566943359375
0.142626953125,0.1390226472710019,3530.2734375,1.37016943359375
0.128564453125,0.0497060896052236,249.0234375,1.20990380859375
0.578564453125,0.1105173629095833,5249.0234375,0.81540380859375
0.803564453125,0.0801117262574035,2749.0234375,1.4071538085937498
0.353564453125,0.1409229995617631,7749.0234375,1.01265380859375
0.466064453125,0.0649089079313135,6499.0234375,0.91402880859375
0.916064453125,0.1257201812356732,1499.0234375,1.30852880859375
0.691064453125,0.0345032712791337,8999.0234375,0.71677880859375
0.241064453125,0.0953145445834934,3999.0234375,1.11127880859375
0.297314453125,0.0877131354204484,9624.0234375,1.35784130859375
0.747314453125,0.1485244087248081,4624.0234375,0.96334130859375
0.972314453125,0.0573074987682686,7124.0234375,1.16059130859375
0.522314453125,0.1181187720726282,2124.0234375,0.76609130859375
0.409814453125,0.0421046804421787,3374.0234375,0.8647163085937499
0.859814453125,0.1029159537465383,8374.0234375,1.25921630859375
0.634814453125,0.0725103170943585,874.0234375,1.06196630859375
0.184814453125,0.1333215903987182,5874.0234375,1.45646630859375
0.156689453125,0.068709612512836,4936.5234375,0.7414350585937499
0.606689453125,0.1295208858171957,9936.5234375,1.13593505859375
0.831689453125,0.0383039758606562,2436.5234375,0.93868505859375
0.381689453125,0.0991152491650159,7436.5234375,1.33318505859375
0.494189453125,0.0535067941867461,8686.5234375,1.43181005859375
0.944189453125,0.1143180674911058,3686.5234375,1.03731005859375
0.719189453125,0.0839124308389259,6186.5234375,1.23456005859375
0.269189453125,0.1447237041432856,1186.5234375,0.84006005859375
0.212939453125,0.0307025666976112,5561.5234375,1.08662255859375
0.662939453125,0.0915138400019709,561.5234375,1.48112255859375
0.887939453125,0.0611082033497911,8061.5234375,0.88937255859375
0.437939453125,0.1219194766541507,3061.5234375,1.28387255859375
0.325439453125,0.076311021675881,1811.5234375,1.18524755859375
0.775439453125,0.1371222949802406,6811.5234375,0.79074755859375
0.550439453125,0.0459053850237011,4311.5234375,1.38249755859375
0.100439453125,0.1067166583280608,9311.5234375,0.98799755859375
